ITAL,1001,Special Topic II,06:00:58,19:41:52
PHYS,1002,Advanced Topics,02:30:12,15:51:42
ENGL,1003,Intro II (Majors),10:39:14,23:57:59
HDEV,1004,Intro II (Non-Majors),06:16:55,17:47:15
FREN,1005,General Studies,10:50:08,18:27:20
CSCI,1006,Research,08:51:35,23:33:07
ECON,1007,General Studies,06:32:23,20:16:20
JAPN,1008,Advanced Topics,02:08:39,17:48:44
FREN,1009,Introduction,07:26:25,20:54:40
ECON,1010,Advanced Topics,06:26:46,14:47:26
SPAN,1011,Intro II (Non-Majors),03:05:17,13:30:23
ECON,1012,Advanced Topics,02:22:59,16:57:39
FINA,1013,Special Topic I,02:40:26,23:03:23
ITAL,1014,Advanced Topics,09:58:31,12:09:08
SPAN,1015,Intro II (Majors),04:28:15,15:29:22
JAPN,1016,Intro II (Non-Majors),02:54:19,14:07:30
DATS,1017,Research,01:59:11,22:15:28
FINA,1018,Basics of Mathematics,08:23:56,13:04:17
JAPN,1019,Basics of Mathematics,05:19:16,23:02:56
SPAN,1020,Intro II (Non-Majors),05:03:37,13:24:07
ITAL,1021,Introduction,04:39:13,18:46:54
SPAN,1022,Introduction,11:22:09,15:26:18
ITAL,1023,Research,10:39:11,19:44:27
CSCI,1024,Special Topic I,02:09:57,12:36:24
ECON,1025,Real World Applications,10:28:29,20:57:13
PHYS,1026,Special Topic I,03:07:28,17:53:57
JAPN,1027,General Studies,11:30:56,18:42:20
CHEM,1028,Intro II (Non-Majors),00:47:59,20:27:05
MAE,1029,Advanced Topics,09:26:39,22:48:56
ITAL,1030,Real World Applications,04:53:53,20:03:40
FINA,1031,Research,04:53:25,13:36:14
CHEM,1032,Intro II (Non-Majors),11:37:31,12:11:38
CSCI,1033,Real World Applications,07:59:41,16:58:14
DATS,1034,Introduction,05:06:11,12:38:21
MATH,1035,Real World Applications,05:12:46,17:24:54
JAPN,1036,Intro II (Non-Majors),06:41:06,14:26:11
DATS,1037,Introduction,07:28:31,14:35:21
BIOC,1038,Special Topic II,10:34:37,21:03:54
FINA,1039,General Studies,09:11:11,16:26:51
PHYS,1040,Special Topic I,02:42:04,19:56:06
CSCI,1041,General Studies,03:57:48,16:13:56
MAE,1042,General Studies,06:34:04,14:36:28
FREN,1043,Intro II (Non-Majors),11:50:03,15:01:28
CHEM,1044,Intro II (Majors),05:42:23,17:46:56
ENGL,1045,Intro II (Non-Majors),07:56:27,14:26:47
BIOC,1046,Intro II (Non-Majors),11:39:38,22:17:37
FREN,1047,Research,02:23:20,21:53:41
HONR,1048,General Studies,00:53:28,17:57:03
PHYS,1049,Advanced Topics,05:15:29,20:14:58
PHYS,1050,Research,10:32:58,23:43:04
BIOC,1051,Intro II (Majors),00:42:26,21:02:45
FREN,1052,Basics of Mathematics,01:13:59,18:18:50
ENGL,1053,Advanced Topics,04:09:05,20:27:40
MATH,1054,Advanced Topics,11:18:55,19:18:08
HONR,1055,Intro II (Non-Majors),08:24:31,17:25:30
JAPN,1056,Advanced Topics,09:22:55,22:50:12
ECON,1057,Real World Applications,08:55:54,12:29:00
FREN,1058,Intro II (Non-Majors),04:01:52,12:38:13
SPAN,1059,Special Topic I,11:14:31,19:04:49
CSCI,1060,Intro II (Majors),05:02:29,13:29:17
CNSL,1061,Advanced Topics,09:52:23,23:41:47
HDEV,1062,Real World Applications,08:16:53,18:00:54
ENGL,1063,General Studies,01:45:14,23:51:44
MAE,1064,Intro II (Non-Majors),09:18:20,12:05:48
CHEM,1065,General Studies,03:20:20,21:08:40
HDEV,1066,Advanced Topics,03:15:32,18:08:11
CSCI,1067,Introduction,06:58:15,18:20:33
CNSL,1068,General Studies,01:08:11,21:50:05
MATH,1069,Real World Applications,04:54:00,17:39:36
ITAL,1070,Intro II (Majors),05:04:52,22:33:28
CSCI,1071,Real World Applications,02:18:00,12:51:49
CNSL,1072,Real World Applications,09:37:37,16:12:54
ACCY,1073,Special Topic I,08:50:01,14:29:50
HDEV,1074,Research,08:42:44,21:09:01
FINA,1075,Special Topic I,08:43:04,18:10:45
DATS,1076,Advanced Topics,00:53:55,19:49:40
FREN,1077,Basics of Mathematics,03:24:19,14:30:45
DATS,1078,Intro II (Majors),04:47:29,18:36:52
ENGL,1079,Intro II (Majors),09:59:08,15:05:44
ECON,1080,Real World Applications,02:17:30,22:03:50
BIOC,1081,Research,08:39:08,21:59:02
MATH,1082,Special Topic II,06:12:53,23:25:01
HDEV,1083,General Studies,02:46:52,23:01:25
HDEV,1084,Real World Applications,07:10:17,22:48:34
JAPN,1085,Basics of Mathematics,11:22:29,15:49:02
CNSL,1086,Introduction,05:02:11,16:45:11
BIOC,1087,Advanced Topics,05:14:10,21:45:11
MAE,1088,Introduction,08:03:25,18:08:49
HONR,1089,General Studies,06:13:22,19:00:08
ACCY,1090,Special Topic II,07:42:06,13:46:48
FREN,1091,Special Topic II,03:24:10,21:09:12
FINA,1092,Research,08:36:54,17:26:33
FREN,1093,Basics of Mathematics,02:56:23,18:50:04
ENGL,1094,Special Topic II,02:59:25,15:35:51
FINA,1095,Special Topic I,01:59:49,13:15:55
CHEM,1096,General Studies,07:53:02,16:44:34
ITAL,1097,Special Topic II,00:27:38,23:33:27
FINA,1098,Special Topic II,07:01:01,14:44:22
SPAN,1099,Basics of Mathematics,07:07:35,20:47:21
ENGL,1100,Research,09:22:28,19:59:23
HDEV,1101,Special Topic I,00:08:55,13:33:38
CSCI,1102,Intro II (Non-Majors),06:27:31,20:13:21
BIO,1103,Intro II (Majors),08:13:43,17:58:39
BIO,1104,Basics of Mathematics,09:47:40,13:25:13
MAE,1105,Real World Applications,02:11:53,20:06:51
HONR,1106,Intro II (Majors),02:19:21,20:12:58
ECON,1107,Intro II (Non-Majors),04:15:50,20:55:29
CHEM,1108,Special Topic I,03:54:04,14:36:36
CHEM,1109,Introduction,05:05:37,15:54:40
MAE,1110,Special Topic I,03:05:23,16:15:11
CHEM,1111,Introduction,04:09:08,21:31:54
FINA,1112,Basics of Mathematics,00:03:10,14:09:13
CNSL,1113,Research,08:40:26,17:27:27
CHEM,1114,Basics of Mathematics,11:32:52,12:45:19
HONR,1115,Intro II (Non-Majors),04:34:07,20:36:52
CNSL,1116,General Studies,05:20:44,21:25:48
ACCY,1117,General Studies,08:31:40,20:24:36
ACCY,1118,Research,06:09:43,15:17:00
ENGL,1119,Research,07:19:01,18:28:55
MAE,1120,Special Topic I,09:16:01,12:31:02
MATH,1121,General Studies,08:02:07,18:47:26
HONR,1122,Real World Applications,09:34:42,12:04:43
ACCY,1123,Basics of Mathematics,00:57:15,18:20:03
MATH,1124,Special Topic II,11:36:32,22:47:02
MUS,1125,General Studies,07:46:22,18:50:22
CHEM,1126,Intro II (Majors),11:46:54,19:23:39
SPAN,1127,Intro II (Non-Majors),05:35:56,21:57:23
ENGL,1128,Special Topic I,00:57:59,23:33:38
FINA,1129,Intro II (Non-Majors),00:38:43,14:19:44
PHYS,1130,Basics of Mathematics,00:54:44,17:25:26
CNSL,1131,Research,08:20:51,12:10:09
BIOC,1132,General Studies,10:40:23,14:52:48
ECON,1133,Intro II (Non-Majors),00:32:39,20:20:18
CSCI,1134,Basics of Mathematics,03:12:41,19:44:00
SPAN,1135,Special Topic II,03:32:39,12:50:54
DATS,1136,Intro II (Non-Majors),07:06:01,15:01:04
ACCY,1137,General Studies,10:08:41,16:17:21
PHYS,1138,General Studies,11:25:45,14:59:12
FINA,1139,Special Topic I,07:46:36,21:28:35
MAE,1140,Basics of Mathematics,01:56:35,21:29:16
PHYS,1141,Research,00:53:30,17:35:07
HDEV,1142,Research,07:33:55,21:22:16
ENGL,1143,Intro II (Majors),02:58:39,17:00:33
HONR,1144,Intro II (Non-Majors),05:31:05,22:48:26
FREN,1145,Introduction,00:37:38,15:22:50
HDEV,1146,Introduction,07:45:53,20:17:34
ITAL,1147,Research,11:29:01,15:02:59
MUS,1148,General Studies,03:56:42,17:42:09
MAE,1149,Intro II (Majors),03:12:33,12:47:56
FREN,1150,General Studies,11:47:24,13:38:55
MAE,1151,Research,04:02:25,17:03:07
JAPN,1152,Advanced Topics,07:14:30,16:42:49
SPAN,1153,Real World Applications,11:15:20,22:34:19
MUS,1154,Basics of Mathematics,05:59:20,23:15:13
CNSL,1155,General Studies,08:03:19,23:38:51
ECON,1156,Intro II (Majors),02:26:48,15:17:44
CNSL,1157,Introduction,07:28:45,12:55:18
ENGL,1158,Introduction,10:12:49,22:57:33
PHYS,1159,Special Topic II,09:59:30,20:03:46
FREN,1160,Special Topic I,06:08:31,18:59:06
MAE,1161,Advanced Topics,10:02:12,18:13:00
BIOC,1162,General Studies,01:35:57,14:25:07
CHEM,1163,Advanced Topics,02:13:45,18:51:53
MATH,1164,Intro II (Non-Majors),03:06:01,14:40:02
BIO,1165,Research,02:00:09,19:16:46
ECON,1166,Special Topic II,10:13:54,14:47:25
FINA,1167,Special Topic I,01:32:17,16:35:35
MUS,1168,Research,06:52:52,15:37:26
BIOC,1169,Research,09:13:21,15:04:31
MATH,1170,Special Topic II,09:23:38,14:22:59
ENGL,1171,Basics of Mathematics,09:10:50,19:02:15
MUS,1172,Intro II (Non-Majors),01:55:03,18:30:24
ITAL,1173,Introduction,03:57:34,14:32:14
BIOC,1174,Research,08:17:06,19:40:01
CSCI,1175,Introduction,00:30:36,14:45:24
MAE,1176,Basics of Mathematics,03:14:35,17:50:53
BIOC,1177,Special Topic I,00:38:56,12:10:33
HONR,1178,General Studies,03:19:09,18:39:16
HDEV,1179,Basics of Mathematics,10:31:12,23:34:08
CSCI,1180,Real World Applications,06:52:41,12:52:08
FINA,1181,Research,02:05:13,13:56:18
ENGL,1182,Introduction,01:24:20,19:55:17
ECON,1183,General Studies,06:29:22,23:21:46
ACCY,1184,Intro II (Non-Majors),10:43:10,15:09:09
SPAN,1185,Special Topic I,06:41:49,15:43:34
PHYS,1186,Introduction,04:10:27,21:10:00
MUS,1187,Basics of Mathematics,01:37:40,23:52:21
MATH,1188,Intro II (Majors),00:22:33,16:56:47
MATH,1189,Advanced Topics,02:42:53,23:25:40
ITAL,1190,Research,11:12:47,13:54:58
ENGL,1191,Research,00:55:09,14:29:48
DATS,1192,Special Topic I,11:27:53,12:42:59
SPAN,1193,Real World Applications,05:32:54,21:50:58
FREN,1194,Special Topic I,05:07:28,21:26:50
BIO,1195,Advanced Topics,08:31:41,15:26:41
FINA,1196,Intro II (Majors),07:22:25,13:05:11
ENGL,1197,Intro II (Majors),07:55:00,23:12:33
ITAL,1198,Introduction,06:59:59,15:27:00
FREN,1199,Special Topic I,06:24:58,22:54:32
MATH,1200,Basics of Mathematics,11:58:44,23:02:42
FREN,1201,Special Topic II,03:39:33,16:11:18
CHEM,1202,General Studies,04:30:24,16:20:35
BIO,1203,Intro II (Non-Majors),03:04:08,17:20:59
FINA,1204,Intro II (Non-Majors),08:06:15,23:06:45
BIOC,1205,Basics of Mathematics,08:55:54,20:22:51
JAPN,1206,Special Topic II,04:28:43,17:49:53
ITAL,1207,Introduction,03:34:41,20:23:45
SPAN,1208,Real World Applications,07:19:38,23:29:26
HONR,1209,Special Topic II,10:30:32,21:03:47
FREN,1210,General Studies,00:24:09,13:24:16
FINA,1211,Basics of Mathematics,11:58:19,15:56:35
MAE,1212,Intro II (Majors),09:51:09,22:40:21
HONR,1213,Advanced Topics,07:12:31,20:50:56
CNSL,1214,Intro II (Majors),05:05:11,18:53:24
DATS,1215,Basics of Mathematics,02:27:39,16:02:19
ENGL,1216,Research,09:04:33,23:38:20
ENGL,1217,Introduction,10:15:46,12:20:59
FINA,1218,Intro II (Majors),09:41:14,17:46:34
FREN,1219,Intro II (Non-Majors),01:11:18,13:02:31
ECON,1220,Special Topic II,03:49:47,15:16:16
MAE,1221,General Studies,03:59:10,12:27:54
ACCY,1222,Special Topic I,08:44:50,16:50:59
JAPN,1223,Special Topic I,07:23:39,12:26:13
MAE,1224,Intro II (Majors),06:07:02,12:59:02
PHYS,1225,Real World Applications,05:26:24,15:56:31
MATH,1226,Basics of Mathematics,08:15:00,18:27:54
ITAL,1227,Advanced Topics,01:01:25,15:29:14
CSCI,1228,Basics of Mathematics,06:57:51,22:03:05
HDEV,1229,Research,11:58:32,22:46:53
MATH,1230,Intro II (Non-Majors),06:59:15,14:41:05
ITAL,1231,Special Topic II,08:00:06,20:37:56
MATH,1232,Basics of Mathematics,08:29:58,16:17:55
ECON,1233,Research,03:46:55,23:59:26
BIOC,1234,Intro II (Non-Majors),03:38:40,20:29:33
ITAL,1235,Intro II (Non-Majors),02:21:48,15:49:39
CNSL,1236,General Studies,05:26:18,12:07:28
DATS,1237,Introduction,06:13:19,13:17:59
JAPN,1238,Intro II (Majors),09:23:35,21:44:42
MAE,1239,Introduction,00:07:55,18:18:14
SPAN,1240,Special Topic II,03:28:24,20:35:57
BIO,1241,Introduction,09:08:27,23:57:17
PHYS,1242,Real World Applications,01:52:31,17:33:30
CSCI,1243,Advanced Topics,03:32:12,15:45:28
ACCY,1244,Special Topic II,10:56:01,14:05:12
ENGL,1245,Real World Applications,06:40:45,13:36:24
ECON,1246,Real World Applications,08:10:23,22:38:28
JAPN,1247,General Studies,07:35:49,23:47:59
FINA,1248,Special Topic II,09:42:17,16:47:43
SPAN,1249,Intro II (Non-Majors),05:59:02,13:24:11
ENGL,1250,Special Topic II,06:54:28,15:34:05
PHYS,1251,Special Topic I,10:20:19,22:27:11
ITAL,1252,Special Topic I,11:19:07,22:23:57
CSCI,1253,Real World Applications,06:20:25,22:05:14
DATS,1254,Special Topic I,00:41:03,17:31:28
ECON,1255,Special Topic I,05:38:15,17:06:23
MUS,1256,Advanced Topics,00:06:44,22:24:14
HONR,1257,Research,05:57:57,14:54:49
DATS,1258,Intro II (Non-Majors),01:44:29,20:52:44
ITAL,1259,Intro II (Majors),02:50:58,19:07:31
JAPN,1260,Advanced Topics,05:48:17,16:43:00
DATS,1261,Special Topic I,03:12:03,23:32:47
CHEM,1262,Special Topic I,11:52:42,14:59:43
BIOC,1263,Special Topic I,00:00:07,13:27:56
PHYS,1264,Research,09:40:37,19:42:07
ECON,1265,Introduction,03:48:39,16:11:02
ACCY,1266,Intro II (Majors),04:09:47,13:01:18
MAE,1267,Advanced Topics,06:00:56,19:24:38
FINA,1268,Special Topic I,03:22:51,21:35:39
BIO,1269,Special Topic I,06:07:46,14:12:52
HONR,1270,General Studies,06:58:59,20:44:52
ACCY,1271,Introduction,09:22:09,19:37:08
CNSL,1272,Special Topic II,07:37:41,18:03:38
MAE,1273,General Studies,03:57:56,19:44:31
CSCI,1274,Special Topic II,04:10:54,12:13:50
CSCI,1275,General Studies,02:39:57,13:16:11
CNSL,1276,Advanced Topics,01:42:54,20:30:35
ENGL,1277,Intro II (Majors),08:28:57,14:44:28
HONR,1278,Intro II (Non-Majors),05:31:34,13:43:23
HONR,1279,Special Topic I,06:42:56,17:08:49
ENGL,1280,Special Topic I,11:48:32,21:58:19
MUS,1281,Real World Applications,09:03:12,13:22:00
BIO,1282,Research,08:01:57,18:45:37
HONR,1283,Special Topic I,00:27:21,13:10:13
DATS,1284,Intro II (Non-Majors),08:48:28,15:50:57
ECON,1285,Special Topic II,02:58:40,13:52:17
ACCY,1286,Intro II (Non-Majors),03:20:48,15:03:18
MAE,1287,Intro II (Majors),11:40:47,17:20:39
ENGL,1288,General Studies,04:06:57,13:00:01
CSCI,1289,General Studies,05:52:22,19:58:42
FREN,1290,Advanced Topics,11:08:20,14:53:21
BIO,1291,Intro II (Non-Majors),11:20:32,22:13:35
MAE,1292,Basics of Mathematics,01:22:16,23:33:43
ITAL,1293,Intro II (Majors),06:16:34,13:50:40
CHEM,1294,Basics of Mathematics,06:48:38,19:23:20
ENGL,1295,Introduction,05:15:40,21:57:15
FREN,1296,Special Topic II,05:23:30,14:36:13
HDEV,1297,Basics of Mathematics,11:56:25,23:44:00
BIO,1298,Special Topic II,08:09:08,22:42:27
ENGL,1299,Research,03:53:45,12:15:57
FINA,1300,Real World Applications,11:38:19,22:18:57
BIO,1301,Research,00:40:14,17:27:48
ACCY,1302,Special Topic II,01:55:11,22:54:23
PHYS,1303,Special Topic I,09:24:48,12:19:06
MUS,1304,Intro II (Non-Majors),06:49:04,19:57:44
BIO,1305,Research,05:08:12,17:09:19
HONR,1306,Real World Applications,11:52:27,14:27:56
FINA,1307,Basics of Mathematics,09:30:40,12:23:38
ECON,1308,Research,00:40:58,13:56:20
DATS,1309,Intro II (Non-Majors),09:26:42,18:10:25
ITAL,1310,General Studies,00:04:24,14:09:49
ECON,1311,Intro II (Majors),00:24:52,19:23:47
BIOC,1312,Intro II (Non-Majors),04:48:50,12:03:16
ECON,1313,Introduction,01:42:52,19:28:14
CNSL,1314,Real World Applications,07:45:29,17:02:47
JAPN,1315,Special Topic I,02:16:27,12:59:46
DATS,1316,Special Topic II,07:38:02,18:21:30
ITAL,1317,Introduction,06:01:34,17:59:26
MATH,1318,Advanced Topics,04:39:08,23:43:16
ENGL,1319,Real World Applications,04:35:42,16:55:54
JAPN,1320,General Studies,06:49:18,23:41:42
DATS,1321,Intro II (Majors),03:19:47,15:40:06
HDEV,1322,Intro II (Majors),06:46:08,23:29:26
BIOC,1323,Special Topic I,11:31:36,23:50:21
ECON,1324,Special Topic I,03:52:00,17:30:53
MATH,1325,Intro II (Non-Majors),09:00:18,21:05:36
FREN,1326,Special Topic II,07:24:19,18:24:26
HONR,1327,Research,06:13:17,23:30:28
CSCI,1328,Special Topic I,03:34:14,19:58:06
BIOC,1329,Intro II (Majors),04:43:45,12:18:10
SPAN,1330,Introduction,00:58:45,12:27:56
CHEM,1331,Special Topic II,06:44:38,16:03:39
BIOC,1332,Special Topic I,07:52:26,22:49:50
MUS,1333,Basics of Mathematics,11:51:57,20:18:19
ITAL,1334,Intro II (Non-Majors),09:04:07,12:10:01
PHYS,1335,Special Topic II,09:54:00,14:42:58
HONR,1336,General Studies,02:12:39,15:51:07
BIO,1337,General Studies,07:41:41,20:36:00
MUS,1338,General Studies,01:12:05,23:27:52
JAPN,1339,Advanced Topics,02:27:42,16:43:46
ITAL,1340,General Studies,01:50:45,14:31:12
HDEV,1341,Introduction,06:15:36,23:58:05
SPAN,1342,Research,00:49:23,23:51:12
JAPN,1343,Research,03:22:53,20:28:41
PHYS,1344,Introduction,01:14:38,22:07:10
MUS,1345,Real World Applications,05:21:35,17:51:26
FREN,1346,General Studies,03:36:09,22:02:44
ACCY,1347,Advanced Topics,10:11:29,13:14:44
HONR,1348,Special Topic I,07:18:23,22:44:30
BIO,1349,Special Topic II,03:04:34,21:56:29
HONR,1350,Basics of Mathematics,01:48:42,22:35:45
ECON,1351,Real World Applications,04:58:35,22:15:23
MATH,1352,Special Topic II,10:30:46,22:27:03
ECON,1353,Basics of Mathematics,08:47:07,16:27:54
FREN,1354,Introduction,08:38:46,18:35:14
ECON,1355,Introduction,10:28:57,21:27:56
CSCI,1356,Basics of Mathematics,07:20:48,20:11:41
ECON,1357,Special Topic I,00:06:42,23:37:47
ENGL,1358,Basics of Mathematics,02:49:20,16:19:38
BIOC,1359,Advanced Topics,10:16:25,17:54:04
ITAL,1360,Special Topic II,08:46:54,16:17:20
SPAN,1361,General Studies,01:29:09,19:30:56
ENGL,1362,Intro II (Majors),03:44:30,13:14:29
HDEV,1363,Special Topic II,04:28:18,22:27:13
CNSL,1364,Advanced Topics,02:05:22,23:17:05
JAPN,1365,Special Topic II,05:05:28,22:40:45
DATS,1366,Research,01:16:30,22:24:02
HONR,1367,Introduction,06:19:58,17:40:09
HDEV,1368,Research,08:21:37,18:48:27
CNSL,1369,Real World Applications,06:30:45,18:18:41
CHEM,1370,Basics of Mathematics,04:26:44,13:14:50
HDEV,1371,Real World Applications,11:23:18,12:26:54
MAE,1372,Research,01:50:22,16:08:02
FINA,1373,Advanced Topics,05:36:11,18:36:32
CHEM,1374,Intro II (Majors),06:28:14,14:18:29
HDEV,1375,Real World Applications,11:00:30,17:53:21
CNSL,1376,Intro II (Majors),00:32:35,22:17:22
FINA,1377,Introduction,07:34:22,12:38:58
FINA,1378,Special Topic II,09:49:02,15:28:45
BIOC,1379,Special Topic II,10:56:44,13:09:44
BIOC,1380,Advanced Topics,01:45:08,20:58:09
DATS,1381,Real World Applications,01:05:23,16:43:27
JAPN,1382,Intro II (Non-Majors),11:04:12,20:31:13
MATH,1383,Research,05:49:11,14:00:47
CHEM,1384,Basics of Mathematics,11:23:51,12:57:48
MATH,1385,Advanced Topics,06:38:02,12:10:45
BIOC,1386,Basics of Mathematics,05:18:20,18:36:51
PHYS,1387,Real World Applications,11:56:34,22:56:21
PHYS,1388,Basics of Mathematics,03:27:07,13:51:55
CSCI,1389,Advanced Topics,04:38:01,13:22:45
CSCI,1390,Real World Applications,06:55:49,12:47:22
DATS,1391,Introduction,05:10:32,20:07:55
DATS,1392,Real World Applications,08:41:01,15:24:05
BIOC,1393,Basics of Mathematics,08:09:51,17:36:36
PHYS,1394,Special Topic I,01:52:01,21:56:05
CHEM,1395,General Studies,05:37:43,14:48:45
CHEM,1396,Advanced Topics,09:33:26,16:10:08
HONR,1397,Intro II (Non-Majors),08:05:25,13:54:33
MUS,1398,Introduction,08:21:44,18:22:37
CSCI,1399,General Studies,08:54:18,12:44:53
MAE,1400,Introduction,09:00:24,18:48:49
BIO,1401,Intro II (Majors),05:32:42,19:49:16
MUS,1402,Advanced Topics,05:06:30,22:33:44
CHEM,1403,Intro II (Majors),07:14:03,20:20:15
PHYS,1404,Special Topic II,03:12:07,16:18:30
ACCY,1405,Intro II (Majors),07:03:27,14:06:37
FINA,1406,Advanced Topics,06:32:27,14:49:32
MATH,1407,Basics of Mathematics,03:49:22,19:32:02
BIO,1408,Research,02:14:37,22:13:09
CSCI,1409,Intro II (Non-Majors),05:18:01,13:09:47
BIOC,1410,General Studies,08:45:15,18:04:01
PHYS,1411,Intro II (Non-Majors),06:57:45,15:00:09
FREN,1412,Introduction,01:59:38,21:37:29
FINA,1413,General Studies,08:52:20,20:51:05
BIOC,1414,Intro II (Non-Majors),10:32:48,22:33:23
HONR,1415,Advanced Topics,04:02:03,22:25:45
MUS,1416,Intro II (Majors),00:24:48,16:18:19
BIO,1417,General Studies,04:20:39,13:18:03
ITAL,1418,Basics of Mathematics,04:41:51,20:36:11
ECON,1419,Basics of Mathematics,01:57:49,23:25:20
BIOC,1420,Special Topic I,07:08:38,19:50:12
ECON,1421,Research,08:54:22,16:51:33
ECON,1422,Real World Applications,10:18:09,23:49:10
MATH,1423,Research,03:48:25,16:32:42
FINA,1424,Special Topic II,02:25:03,18:12:47
ACCY,1425,Basics of Mathematics,10:09:19,20:31:26
HONR,1426,Advanced Topics,08:19:02,15:12:00
ECON,1427,Basics of Mathematics,04:20:50,21:39:47
BIOC,1428,Intro II (Non-Majors),08:33:33,12:35:48
FREN,1429,Research,05:52:32,19:12:56
JAPN,1430,Intro II (Non-Majors),01:19:54,17:56:43
CSCI,1431,Special Topic II,08:19:53,18:32:53
DATS,1432,Introduction,02:50:26,21:40:51
HONR,1433,Introduction,00:38:02,12:11:22
MUS,1434,Real World Applications,11:23:11,14:59:47
PHYS,1435,Special Topic I,08:00:24,22:30:48
MATH,1436,Introduction,02:54:35,15:03:54
ENGL,1437,Real World Applications,01:42:14,17:34:33
FREN,1438,Research,03:49:14,17:42:41
BIO,1439,Special Topic I,07:14:18,15:20:30
MUS,1440,Intro II (Non-Majors),02:08:33,20:11:51
BIO,1441,Research,05:18:06,12:51:25
ECON,1442,Introduction,10:27:08,16:24:01
DATS,1443,Basics of Mathematics,06:05:28,16:59:43
HONR,1444,Special Topic II,07:48:33,16:07:15
JAPN,1445,Introduction,04:03:44,18:57:54
CHEM,1446,Special Topic I,01:20:23,19:26:32
CHEM,1447,Research,09:15:19,12:28:26
DATS,1448,Intro II (Majors),03:16:30,22:41:05
ACCY,1449,Introduction,00:58:38,21:30:51
FINA,1450,Basics of Mathematics,08:39:12,21:08:53
JAPN,1451,Special Topic I,11:22:40,19:18:45
HONR,1452,Basics of Mathematics,04:59:18,21:03:41
DATS,1453,Basics of Mathematics,01:36:43,18:04:54
HONR,1454,Research,05:58:40,17:37:20
PHYS,1455,General Studies,02:46:13,22:02:16
MAE,1456,Intro II (Majors),06:13:53,17:16:05
ECON,1457,Introduction,05:28:38,12:57:19
ENGL,1458,General Studies,06:46:46,18:22:38
FINA,1459,Advanced Topics,01:59:16,21:28:20
DATS,1460,General Studies,01:17:12,20:19:58
DATS,1461,Research,01:37:22,21:10:33
MUS,1462,Real World Applications,02:05:28,21:52:49
DATS,1463,General Studies,10:00:58,12:52:41
MAE,1464,Special Topic I,09:25:21,15:23:44
MATH,1465,Intro II (Non-Majors),09:40:27,18:45:29
CNSL,1466,Research,09:52:17,14:03:05
JAPN,1467,Special Topic I,06:27:01,13:13:02
ITAL,1468,Basics of Mathematics,11:08:21,13:55:49
ENGL,1469,Advanced Topics,05:30:33,21:25:08
ACCY,1470,Special Topic I,02:36:53,14:10:53
MUS,1471,Advanced Topics,10:16:50,21:55:11
CNSL,1472,General Studies,00:03:06,22:23:20
CSCI,1473,General Studies,04:45:30,19:48:05
CNSL,1474,Special Topic I,07:49:47,19:27:57
MUS,1475,Research,02:45:15,12:12:42
HONR,1476,Intro II (Non-Majors),09:23:59,12:28:54
CNSL,1477,Research,05:54:19,22:22:52
PHYS,1478,Research,03:18:37,22:50:38
PHYS,1479,Special Topic II,07:22:08,20:05:41
ECON,1480,Intro II (Non-Majors),11:05:41,22:43:48
ITAL,1481,Research,06:23:16,18:01:34
JAPN,1482,Real World Applications,05:50:55,22:11:15
JAPN,1483,Intro II (Non-Majors),04:12:49,21:48:01
BIOC,1484,Real World Applications,01:23:56,17:27:43
CSCI,1485,Introduction,11:52:42,18:34:43
JAPN,1486,Research,10:20:48,14:09:13
FINA,1487,Introduction,03:23:14,23:21:28
HONR,1488,Research,01:36:38,13:08:07
BIO,1489,Basics of Mathematics,00:03:22,21:13:25
BIO,1490,Introduction,08:50:33,21:52:11
FREN,1491,Intro II (Non-Majors),07:40:10,19:11:10
ENGL,1492,Intro II (Majors),08:27:36,18:19:21
MATH,1493,Intro II (Majors),05:15:00,21:00:31
BIOC,1494,Advanced Topics,01:04:52,14:14:16
ACCY,1495,Intro II (Non-Majors),11:32:48,21:45:17
HDEV,1496,Special Topic I,07:23:55,14:23:47
JAPN,1497,Introduction,01:48:28,19:56:12
HONR,1498,Introduction,04:33:53,20:48:45
SPAN,1499,Research,02:37:14,19:21:01
CSCI,1500,Introduction,09:01:36,23:44:18
PHYS,1501,Basics of Mathematics,11:10:07,20:14:48
BIO,1502,Research,10:13:05,12:55:11
BIO,1503,Intro II (Non-Majors),10:46:13,23:09:29
PHYS,1504,Special Topic II,00:28:14,23:25:20
CSCI,1505,Basics of Mathematics,07:36:19,17:57:21
HONR,1506,Real World Applications,03:51:55,13:53:47
PHYS,1507,Basics of Mathematics,09:32:17,17:23:58
DATS,1508,Basics of Mathematics,08:44:10,12:19:43
MATH,1509,General Studies,10:43:35,15:14:39
JAPN,1510,Real World Applications,05:05:22,20:43:22
CSCI,1511,Basics of Mathematics,08:45:34,13:52:04
CSCI,1512,Intro II (Majors),08:55:54,16:05:33
DATS,1513,Advanced Topics,11:12:50,20:38:06
FINA,1514,Real World Applications,05:06:34,23:17:40
HONR,1515,General Studies,02:37:16,23:54:56
CHEM,1516,General Studies,03:22:09,15:38:43
MUS,1517,Research,04:49:20,22:19:24
JAPN,1518,Real World Applications,07:47:27,20:36:37
ECON,1519,Basics of Mathematics,05:52:21,20:31:59
PHYS,1520,Basics of Mathematics,08:36:57,14:08:12
ECON,1521,Introduction,08:54:12,17:55:44
ECON,1522,Special Topic I,05:21:20,21:06:19
FREN,1523,Special Topic I,02:40:55,15:15:19
ACCY,1524,Special Topic I,01:21:15,23:55:04
FREN,1525,Real World Applications,03:40:45,20:14:16
SPAN,1526,Special Topic I,06:32:02,18:31:19
DATS,1527,Introduction,05:30:14,22:51:52
FREN,1528,Introduction,09:18:15,13:49:09
HONR,1529,General Studies,00:01:55,13:45:53
SPAN,1530,General Studies,00:09:14,12:32:29
HONR,1531,Real World Applications,06:47:41,22:35:08
HONR,1532,Real World Applications,05:57:07,14:36:36
PHYS,1533,Introduction,07:26:09,14:11:24
MAE,1534,Intro II (Non-Majors),03:39:56,18:57:51
ACCY,1535,Advanced Topics,02:46:20,17:12:30
DATS,1536,Advanced Topics,02:11:45,21:06:30
ITAL,1537,Special Topic I,07:39:16,19:06:47
HDEV,1538,Introduction,02:31:15,18:18:12
ENGL,1539,Special Topic I,03:05:45,17:20:03
ECON,1540,Intro II (Majors),06:37:42,17:10:01
CSCI,1541,Special Topic II,01:02:56,20:55:02
MUS,1542,Real World Applications,02:18:49,18:48:09
DATS,1543,Real World Applications,06:58:29,23:52:11
JAPN,1544,Advanced Topics,02:08:40,19:59:49
ITAL,1545,Introduction,02:17:12,15:09:53
CHEM,1546,Basics of Mathematics,11:46:19,12:29:23
ECON,1547,Intro II (Non-Majors),02:35:06,15:40:37
SPAN,1548,Advanced Topics,03:16:04,12:15:26
MAE,1549,Advanced Topics,03:02:02,20:53:45
ECON,1550,Intro II (Non-Majors),02:55:24,23:36:47
MAE,1551,Special Topic II,01:37:22,15:49:53
SPAN,1552,Introduction,11:00:52,23:27:55
SPAN,1553,Research,02:18:32,19:12:11
DATS,1554,Special Topic II,09:59:32,12:37:23
SPAN,1555,Introduction,10:31:54,12:39:24
BIO,1556,General Studies,09:42:17,22:30:04
ACCY,1557,Intro II (Majors),08:08:46,20:37:31
BIOC,1558,Special Topic I,05:37:11,20:01:34
CHEM,1559,Basics of Mathematics,02:41:28,12:02:59
MAE,1560,Advanced Topics,05:19:47,12:10:36
ENGL,1561,Research,05:20:57,15:02:15
CSCI,1562,Basics of Mathematics,02:13:03,16:55:25
MAE,1563,Real World Applications,08:48:35,14:40:05
MUS,1564,Advanced Topics,02:14:55,17:15:37
CSCI,1565,Special Topic II,07:29:21,20:08:27
ITAL,1566,Introduction,05:22:02,15:32:35
ACCY,1567,Intro II (Majors),04:52:07,20:23:22
CHEM,1568,General Studies,07:40:07,16:01:24
HONR,1569,Real World Applications,06:35:55,21:42:06
CHEM,1570,General Studies,10:41:14,22:41:46
HDEV,1571,Basics of Mathematics,06:42:34,12:04:04
BIOC,1572,Basics of Mathematics,05:35:55,21:52:18
BIOC,1573,Introduction,11:38:04,16:56:25
ITAL,1574,Special Topic II,10:38:36,16:48:32
HONR,1575,Research,10:04:03,22:17:24
FINA,1576,Intro II (Majors),09:14:44,17:41:52
ACCY,1577,Real World Applications,08:57:03,18:29:53
MUS,1578,Basics of Mathematics,05:52:12,17:10:39
HONR,1579,Intro II (Majors),03:42:46,13:33:23
DATS,1580,Special Topic II,05:30:59,13:12:01
ECON,1581,Research,01:22:56,19:56:25
MAE,1582,Special Topic I,07:21:01,16:03:00
SPAN,1583,Real World Applications,02:34:43,22:24:12
JAPN,1584,Special Topic I,06:34:30,13:17:26
MAE,1585,Advanced Topics,08:09:35,23:21:10
HONR,1586,General Studies,02:54:51,16:36:44
BIO,1587,Special Topic I,06:39:25,15:37:24
CSCI,1588,Introduction,10:30:18,15:21:16
FINA,1589,Special Topic II,00:06:49,13:30:49
JAPN,1590,General Studies,11:36:22,17:59:08
CHEM,1591,Advanced Topics,06:42:17,15:57:15
BIOC,1592,General Studies,02:46:43,15:19:54
MUS,1593,Special Topic II,11:23:36,23:56:15
MATH,1594,Intro II (Non-Majors),09:40:08,13:50:32
DATS,1595,Real World Applications,03:38:10,15:01:24
CSCI,1596,Special Topic I,05:17:56,14:37:44
BIOC,1597,Intro II (Majors),01:29:37,22:30:20
HDEV,1598,Intro II (Majors),07:16:40,14:33:47
SPAN,1599,Intro II (Majors),06:09:10,23:25:55
CHEM,1600,Real World Applications,08:31:40,20:06:35
MUS,1601,Intro II (Majors),06:40:40,14:05:59
PHYS,1602,Intro II (Non-Majors),11:14:40,17:35:55
CSCI,1603,Research,04:33:31,17:12:20
ENGL,1604,Basics of Mathematics,01:14:24,12:07:35
MATH,1605,Introduction,10:11:15,15:29:32
MAE,1606,Introduction,07:12:09,18:37:35
ACCY,1607,Real World Applications,07:43:46,17:54:47
SPAN,1608,Research,03:51:26,19:57:34
BIOC,1609,Intro II (Majors),09:21:21,12:32:45
FREN,1610,Real World Applications,05:07:41,15:08:34
ITAL,1611,Research,10:47:40,17:47:07
MATH,1612,Research,04:41:45,13:13:59
ENGL,1613,Research,11:20:24,13:54:35
MAE,1614,Research,11:56:45,23:50:30
BIOC,1615,Special Topic II,07:58:17,21:44:23
PHYS,1616,Special Topic II,07:30:37,12:50:06
DATS,1617,Introduction,05:27:14,18:19:44
BIOC,1618,General Studies,10:36:19,19:45:44
ENGL,1619,Introduction,01:54:11,20:45:56
HDEV,1620,Intro II (Non-Majors),00:24:42,16:19:44
CSCI,1621,Special Topic II,11:22:04,14:54:39
FINA,1622,Real World Applications,02:01:25,20:52:46
BIO,1623,Intro II (Non-Majors),11:33:16,18:27:28
ITAL,1624,Basics of Mathematics,08:16:45,16:02:50
MUS,1625,Advanced Topics,01:17:40,15:45:53
HONR,1626,Intro II (Non-Majors),04:56:42,20:12:07
HDEV,1627,Special Topic II,04:02:52,13:49:29
SPAN,1628,Intro II (Non-Majors),03:19:39,13:32:03
ECON,1629,General Studies,11:56:11,13:09:10
CNSL,1630,Research,04:29:29,21:33:36
ENGL,1631,Intro II (Non-Majors),01:24:50,18:54:18
JAPN,1632,Intro II (Non-Majors),09:19:10,15:42:03
HDEV,1633,Intro II (Majors),06:48:04,21:03:24
MATH,1634,Advanced Topics,07:02:29,20:52:40
FREN,1635,Research,07:00:45,13:56:01
ECON,1636,Special Topic II,02:47:27,20:15:10
CHEM,1637,Research,11:20:10,18:55:55
ENGL,1638,Real World Applications,07:47:53,15:32:38
ECON,1639,Research,07:29:27,22:47:08
FINA,1640,Real World Applications,07:41:34,15:03:18
HONR,1641,Basics of Mathematics,08:09:55,16:42:02
FINA,1642,Advanced Topics,09:39:00,17:25:14
CNSL,1643,Special Topic I,01:46:29,22:04:25
CNSL,1644,Intro II (Non-Majors),11:31:27,14:20:23
CHEM,1645,General Studies,00:39:09,18:32:22
ACCY,1646,Special Topic I,09:10:44,16:06:49
PHYS,1647,Real World Applications,10:19:03,13:28:13
HONR,1648,Special Topic II,00:03:53,14:43:58
PHYS,1649,Intro II (Majors),06:05:40,21:17:53
FREN,1650,Special Topic II,01:41:46,21:01:24
SPAN,1651,Special Topic I,02:16:58,18:04:42
FREN,1652,Advanced Topics,11:44:04,17:46:08
CHEM,1653,Intro II (Non-Majors),02:37:12,13:29:17
HONR,1654,Intro II (Majors),10:00:11,17:28:31
CSCI,1655,Advanced Topics,00:38:12,12:50:32
MATH,1656,Special Topic II,00:17:24,19:49:01
MATH,1657,Basics of Mathematics,00:27:05,12:27:10
ECON,1658,General Studies,07:49:48,21:13:31
ITAL,1659,Advanced Topics,02:03:00,21:44:30
SPAN,1660,Special Topic II,02:24:59,21:29:46
CNSL,1661,Research,03:52:43,18:16:57
HDEV,1662,Special Topic I,01:46:45,12:43:07
BIOC,1663,Special Topic I,00:00:46,17:04:37
CNSL,1664,Research,00:34:21,15:49:07
PHYS,1665,Special Topic II,04:07:47,20:55:15
ENGL,1666,Introduction,05:13:10,20:59:20
ECON,1667,Special Topic I,05:41:42,13:32:36
ITAL,1668,General Studies,06:53:14,12:13:52
CHEM,1669,Basics of Mathematics,07:24:29,13:45:02
PHYS,1670,Real World Applications,02:57:39,17:23:25
SPAN,1671,Intro II (Non-Majors),01:48:15,16:01:51
CNSL,1672,Research,10:48:20,20:47:02
ITAL,1673,Special Topic I,08:05:22,16:16:30
ENGL,1674,Intro II (Non-Majors),00:19:05,23:28:26
HDEV,1675,Special Topic II,00:54:09,17:59:48
ECON,1676,Introduction,03:57:00,13:12:37
DATS,1677,Research,01:00:33,16:51:49
ACCY,1678,Intro II (Majors),05:39:16,16:16:37
DATS,1679,Intro II (Majors),08:29:09,14:21:53
ACCY,1680,Special Topic I,02:52:01,17:41:03
JAPN,1681,Intro II (Non-Majors),03:57:46,17:25:25
MAE,1682,Advanced Topics,03:11:06,20:18:37
MATH,1683,Research,06:18:00,22:12:48
PHYS,1684,Special Topic II,05:32:45,23:56:15
BIO,1685,Real World Applications,02:01:55,18:02:02
ACCY,1686,Real World Applications,03:26:53,17:07:42
BIOC,1687,Research,02:26:52,15:26:51
CSCI,1688,Research,10:50:40,20:34:26
CSCI,1689,Real World Applications,06:28:48,15:54:20
HONR,1690,Introduction,03:32:52,18:50:22
DATS,1691,Special Topic I,06:14:57,18:01:37
CHEM,1692,Special Topic II,01:38:58,15:55:26
CNSL,1693,Advanced Topics,05:58:32,15:47:03
HONR,1694,Special Topic II,07:07:06,16:56:11
SPAN,1695,Basics of Mathematics,08:09:49,17:41:33
FINA,1696,Intro II (Non-Majors),05:16:09,16:03:07
SPAN,1697,Special Topic II,09:24:02,17:44:06
SPAN,1698,Basics of Mathematics,02:40:40,14:41:07
MUS,1699,Research,07:34:26,16:34:31
MAE,1700,Introduction,04:26:41,12:12:57
ACCY,1701,Introduction,02:14:23,17:08:58
ITAL,1702,Real World Applications,10:40:30,12:46:30
ACCY,1703,Special Topic I,00:31:00,20:32:39
BIO,1704,Basics of Mathematics,05:47:23,17:12:27
ACCY,1705,Research,09:01:32,14:29:58
BIO,1706,Introduction,08:30:11,13:20:10
FREN,1707,Research,11:29:37,22:54:32
BIOC,1708,Advanced Topics,02:15:53,13:45:33
MAE,1709,Intro II (Non-Majors),01:36:56,23:35:01
DATS,1710,Special Topic I,08:23:45,18:47:11
MAE,1711,General Studies,07:55:57,23:52:16
CNSL,1712,Intro II (Non-Majors),11:51:02,17:37:32
MAE,1713,Basics of Mathematics,11:31:33,19:27:10
PHYS,1714,General Studies,00:43:22,15:12:43
ENGL,1715,General Studies,02:16:17,14:30:31
MUS,1716,General Studies,10:11:52,15:19:42
CNSL,1717,Intro II (Non-Majors),03:23:27,21:31:35
ECON,1718,Intro II (Non-Majors),07:51:13,20:47:00
SPAN,1719,Real World Applications,00:18:08,17:39:26
BIOC,1720,Real World Applications,10:00:01,23:29:20
ECON,1721,Real World Applications,00:28:57,14:27:17
FINA,1722,Intro II (Majors),05:18:40,12:37:03
ECON,1723,Special Topic II,08:54:18,17:52:23
BIO,1724,General Studies,10:14:11,12:23:22
PHYS,1725,Intro II (Non-Majors),09:14:09,15:10:43
CNSL,1726,Special Topic I,07:03:05,23:06:35
ECON,1727,Special Topic I,02:46:33,21:31:12
CSCI,1728,Advanced Topics,06:54:33,16:14:44
BIOC,1729,Special Topic I,06:09:33,17:34:49
MAE,1730,General Studies,00:32:11,21:13:05
MATH,1731,Special Topic I,04:14:54,20:58:22
JAPN,1732,Intro II (Majors),05:26:04,22:48:08
CHEM,1733,Special Topic I,11:52:26,19:31:41
FREN,1734,Advanced Topics,08:31:09,21:30:11
PHYS,1735,Basics of Mathematics,05:33:40,14:18:03
MUS,1736,Research,00:08:45,15:38:31
JAPN,1737,Intro II (Majors),10:35:41,23:54:10
FREN,1738,Introduction,10:16:09,21:57:19
MAE,1739,Advanced Topics,07:27:56,18:11:48
DATS,1740,Real World Applications,10:11:27,18:41:45
HONR,1741,General Studies,09:22:59,19:40:31
MATH,1742,Special Topic I,06:58:12,16:39:17
CSCI,1743,Research,04:02:44,21:11:36
ENGL,1744,General Studies,11:20:59,17:31:34
ACCY,1745,Special Topic II,05:24:42,21:37:47
CHEM,1746,Intro II (Majors),09:14:04,19:17:43
BIOC,1747,Special Topic I,02:50:37,18:10:41
SPAN,1748,General Studies,02:43:17,16:20:52
MATH,1749,Introduction,02:56:05,22:34:13
CHEM,1750,Introduction,08:29:07,21:04:39
FINA,1751,Special Topic I,11:28:24,22:56:14
CSCI,1752,Research,04:47:10,21:41:54
CSCI,1753,Intro II (Non-Majors),05:00:51,21:05:35
BIOC,1754,Basics of Mathematics,10:40:42,22:58:08
ACCY,1755,Special Topic II,11:55:03,21:50:03
BIOC,1756,Special Topic II,03:44:49,16:53:45
MUS,1757,Research,08:55:41,14:50:21
PHYS,1758,Research,08:21:09,19:45:30
ECON,1759,Introduction,06:38:55,23:31:05
MUS,1760,Real World Applications,04:11:03,15:44:42
CSCI,1761,Intro II (Non-Majors),10:13:41,20:21:54
ECON,1762,Real World Applications,02:03:34,17:27:51
MATH,1763,Basics of Mathematics,07:33:53,12:53:29
FREN,1764,Real World Applications,05:34:15,14:28:37
ACCY,1765,Intro II (Majors),06:57:48,18:55:14
HONR,1766,Intro II (Majors),09:19:13,23:58:44
BIOC,1767,Introduction,11:55:05,20:04:03
CHEM,1768,Real World Applications,07:39:22,12:26:37
CSCI,1769,Research,06:49:41,12:33:43
BIOC,1770,Intro II (Non-Majors),06:08:48,23:13:19
ACCY,1771,Intro II (Majors),06:02:04,21:44:57
ENGL,1772,General Studies,11:23:40,22:22:52
CSCI,1773,Special Topic II,11:37:57,12:01:31
CNSL,1774,Special Topic II,01:06:37,18:46:48
DATS,1775,Basics of Mathematics,06:47:02,15:43:10
CNSL,1776,Special Topic II,02:38:19,13:40:46
ECON,1777,Special Topic I,04:25:47,12:14:51
ACCY,1778,Advanced Topics,04:12:32,12:31:48
BIO,1779,Special Topic I,00:01:41,21:05:37
HONR,1780,Special Topic II,04:33:09,17:41:27
MUS,1781,Introduction,07:03:37,20:23:42
SPAN,1782,Basics of Mathematics,02:24:04,20:16:38
MUS,1783,Intro II (Non-Majors),02:41:48,18:01:53
PHYS,1784,Basics of Mathematics,10:15:50,17:25:12
MUS,1785,Special Topic II,05:57:04,20:18:40
CHEM,1786,Special Topic II,04:36:54,18:53:53
BIO,1787,Advanced Topics,10:24:57,16:03:39
ECON,1788,Advanced Topics,11:18:27,18:16:49
MUS,1789,Intro II (Non-Majors),00:30:59,18:24:03
ECON,1790,General Studies,08:58:03,12:46:33
CNSL,1791,Real World Applications,10:37:35,14:41:39
MAE,1792,Basics of Mathematics,01:32:11,17:52:56
ACCY,1793,Real World Applications,06:59:16,12:32:27
CNSL,1794,Special Topic II,06:35:11,23:51:07
ACCY,1795,Real World Applications,09:42:10,16:58:24
MAE,1796,Special Topic II,01:42:24,20:54:16
FINA,1797,Intro II (Majors),01:09:03,20:53:36
CHEM,1798,Intro II (Majors),09:06:10,21:13:58
JAPN,1799,Intro II (Majors),00:49:06,12:39:53
MAE,1800,Research,01:57:25,12:25:57
ITAL,1801,Introduction,00:03:54,13:31:55
BIOC,1802,General Studies,01:06:07,18:32:08
MUS,1803,Intro II (Majors),00:02:54,22:04:48
HDEV,1804,Introduction,10:39:46,13:28:28
DATS,1805,Advanced Topics,05:33:44,21:01:54
BIO,1806,General Studies,03:33:55,23:55:04
MAE,1807,Special Topic I,05:18:48,15:53:37
SPAN,1808,Real World Applications,05:21:33,21:08:18
CNSL,1809,Real World Applications,11:07:25,15:35:43
BIO,1810,Research,01:39:20,16:27:18
HDEV,1811,Special Topic I,05:06:28,20:25:23
HONR,1812,Intro II (Majors),07:33:35,15:03:24
SPAN,1813,Intro II (Majors),00:02:54,22:43:12
ENGL,1814,Intro II (Majors),11:17:08,19:07:32
MAE,1815,Advanced Topics,10:28:48,22:46:13
CSCI,1816,Advanced Topics,01:57:30,12:37:58
BIOC,1817,Intro II (Majors),11:03:20,20:49:40
HONR,1818,General Studies,05:22:04,18:58:50
ACCY,1819,Intro II (Majors),01:18:01,22:41:22
HONR,1820,Intro II (Non-Majors),04:20:41,22:39:37
ACCY,1821,Special Topic I,04:06:51,18:14:43
BIO,1822,Special Topic I,09:00:32,13:04:15
PHYS,1823,General Studies,07:11:52,21:51:04
HDEV,1824,Research,07:43:02,19:14:26
HDEV,1825,Special Topic II,11:11:18,22:17:07
JAPN,1826,Real World Applications,03:52:21,23:38:12
ACCY,1827,General Studies,10:45:55,21:07:09
ECON,1828,General Studies,10:00:14,16:45:09
BIOC,1829,Research,00:05:51,19:11:06
CNSL,1830,Real World Applications,05:13:35,18:56:17
HONR,1831,Special Topic I,10:40:32,19:55:16
CSCI,1832,Real World Applications,00:29:53,19:18:35
ENGL,1833,Introduction,02:13:31,20:17:36
SPAN,1834,Basics of Mathematics,00:09:12,22:57:46
FINA,1835,Introduction,01:30:35,18:54:10
HDEV,1836,Intro II (Non-Majors),09:05:06,12:31:31
FREN,1837,Special Topic I,01:30:32,19:02:55
CSCI,1838,Intro II (Non-Majors),10:18:28,18:13:23
MUS,1839,Research,00:35:43,18:12:02
CNSL,1840,Special Topic II,01:37:05,12:38:53
ITAL,1841,Special Topic I,05:39:05,22:57:49
BIO,1842,Basics of Mathematics,05:25:41,16:06:19
ENGL,1843,Real World Applications,02:30:46,23:01:38
MUS,1844,Real World Applications,08:06:11,23:05:44
BIOC,1845,General Studies,01:20:06,19:21:05
SPAN,1846,Real World Applications,11:05:37,21:16:17
MATH,1847,Intro II (Majors),08:02:10,15:12:21
JAPN,1848,Advanced Topics,08:17:21,22:35:10
SPAN,1849,Intro II (Non-Majors),02:58:44,13:32:00
MUS,1850,Intro II (Majors),04:13:22,16:32:11
MUS,1851,Introduction,03:25:24,19:53:49
CSCI,1852,General Studies,06:19:00,12:46:49
ITAL,1853,Research,05:09:52,16:10:45
BIO,1854,Intro II (Majors),10:15:16,14:10:05
ITAL,1855,Intro II (Non-Majors),05:30:56,17:59:19
SPAN,1856,General Studies,05:37:34,18:39:39
CSCI,1857,Basics of Mathematics,06:52:25,12:22:59
ENGL,1858,Special Topic II,09:10:52,20:19:56
BIOC,1859,Intro II (Non-Majors),04:47:24,13:55:02
BIO,1860,Advanced Topics,08:42:09,12:11:10
FINA,1861,Introduction,07:09:16,12:03:40
BIO,1862,Introduction,01:37:27,14:15:26
ENGL,1863,Advanced Topics,04:03:58,12:37:47
CSCI,1864,Research,05:45:42,15:42:10
SPAN,1865,General Studies,06:30:38,13:30:31
ITAL,1866,Basics of Mathematics,11:00:59,14:13:33
MUS,1867,Real World Applications,06:38:16,12:20:41
ECON,1868,Intro II (Non-Majors),10:18:22,18:25:35
HDEV,1869,Real World Applications,02:28:30,22:11:06
BIO,1870,Special Topic I,02:30:19,16:21:37
BIO,1871,Special Topic I,04:41:41,19:39:47
CSCI,1872,Intro II (Non-Majors),08:03:52,14:31:28
MATH,1873,Special Topic I,00:12:35,21:42:19
PHYS,1874,Intro II (Majors),07:37:19,19:10:42
ENGL,1875,Advanced Topics,01:14:12,20:24:50
DATS,1876,Advanced Topics,09:36:49,16:35:11
ITAL,1877,Real World Applications,11:10:42,22:19:07
MATH,1878,Real World Applications,03:15:51,16:07:43
MAE,1879,Introduction,04:47:44,19:25:48
ENGL,1880,Advanced Topics,09:15:30,19:27:10
HDEV,1881,Intro II (Non-Majors),11:55:29,18:48:05
CNSL,1882,Advanced Topics,00:19:48,15:19:21
ITAL,1883,Special Topic I,02:31:24,20:30:42
CNSL,1884,Intro II (Non-Majors),09:23:55,16:52:45
PHYS,1885,Real World Applications,07:37:35,22:37:20
BIO,1886,Intro II (Majors),09:23:55,16:39:23
MUS,1887,Intro II (Non-Majors),05:37:08,22:55:41
ENGL,1888,Basics of Mathematics,10:18:33,22:13:39
BIO,1889,Research,03:36:01,16:46:50
JAPN,1890,Real World Applications,10:11:39,12:36:22
ACCY,1891,Special Topic II,09:32:22,19:06:42
BIO,1892,Introduction,08:12:19,17:10:17
JAPN,1893,Special Topic I,09:38:30,13:07:05
ENGL,1894,Special Topic II,02:42:58,17:13:03
BIOC,1895,Basics of Mathematics,04:31:47,20:20:08
ITAL,1896,Special Topic I,01:31:46,19:10:14
CHEM,1897,Special Topic II,03:34:01,13:22:52
HDEV,1898,Research,02:47:47,13:46:38
BIOC,1899,Intro II (Majors),10:56:57,13:38:05
MUS,1900,Research,00:06:27,12:32:49
BIO,1901,Special Topic I,08:28:17,18:30:06
BIOC,1902,Advanced Topics,07:06:58,22:49:28
FREN,1903,Intro II (Non-Majors),00:04:30,12:19:50
HONR,1904,Introduction,01:22:59,19:33:08
PHYS,1905,Real World Applications,07:14:45,22:26:16
MATH,1906,Introduction,08:59:59,21:06:12
PHYS,1907,Intro II (Majors),11:38:34,23:40:39
MATH,1908,Special Topic II,01:28:48,19:54:56
BIO,1909,Special Topic II,09:41:09,23:08:32
FINA,1910,Introduction,03:14:59,23:30:36
BIOC,1911,Introduction,01:17:23,13:45:42
BIO,1912,Special Topic II,03:12:57,20:14:14
JAPN,1913,General Studies,03:44:18,12:14:26
ITAL,1914,Research,02:49:09,23:40:59
CNSL,1915,Basics of Mathematics,09:52:51,13:54:29
SPAN,1916,Special Topic II,08:10:39,16:54:22
JAPN,1917,Intro II (Majors),02:16:07,21:29:50
BIOC,1918,Real World Applications,01:17:44,20:20:44
CSCI,1919,Intro II (Non-Majors),01:35:57,20:01:30
ITAL,1920,General Studies,07:28:08,20:05:11
ITAL,1921,Research,07:33:42,16:14:31
ITAL,1922,Advanced Topics,02:15:06,15:18:27
PHYS,1923,Basics of Mathematics,10:20:17,18:54:24
MATH,1924,Real World Applications,00:22:55,22:01:30
ECON,1925,Intro II (Non-Majors),00:43:52,19:17:17
HONR,1926,Advanced Topics,01:47:02,22:36:56
PHYS,1927,Special Topic I,04:24:41,16:32:10
ECON,1928,Advanced Topics,11:29:26,17:42:31
HDEV,1929,Intro II (Majors),03:25:29,17:42:15
HONR,1930,Special Topic II,03:07:14,12:57:05
MUS,1931,Special Topic I,03:51:04,20:21:03
SPAN,1932,Real World Applications,08:12:23,18:41:20
JAPN,1933,General Studies,10:43:15,20:27:51
MUS,1934,Real World Applications,02:06:41,15:25:44
MUS,1935,Intro II (Majors),07:29:06,12:35:25
PHYS,1936,Real World Applications,00:20:49,20:03:04
ACCY,1937,Intro II (Non-Majors),04:23:29,17:53:51
DATS,1938,Special Topic II,07:24:16,15:25:43
CSCI,1939,Introduction,07:27:58,23:00:47
BIO,1940,Basics of Mathematics,06:04:28,14:45:05
FINA,1941,Introduction,08:45:38,20:25:00
CHEM,1942,General Studies,11:37:58,13:20:09
HONR,1943,Research,00:16:50,17:35:00
MUS,1944,Intro II (Non-Majors),10:51:55,13:57:50
SPAN,1945,Special Topic I,11:31:41,14:08:15
ACCY,1946,Advanced Topics,08:11:32,14:05:40
BIOC,1947,Intro II (Majors),10:06:22,15:58:12
MUS,1948,Intro II (Majors),02:46:02,13:35:33
ACCY,1949,Intro II (Non-Majors),01:54:44,17:25:54
CNSL,1950,Special Topic I,09:21:31,21:28:33
MATH,1951,Introduction,09:41:37,22:04:15
MAE,1952,Special Topic II,07:14:22,21:22:32
FINA,1953,Introduction,11:16:15,19:19:47
BIOC,1954,General Studies,05:38:57,15:05:03
FINA,1955,General Studies,05:23:40,18:43:38
ITAL,1956,Special Topic II,02:34:25,20:00:37
MUS,1957,Basics of Mathematics,11:56:05,15:10:03
ITAL,1958,Intro II (Non-Majors),05:12:21,21:18:14
FREN,1959,Intro II (Non-Majors),08:00:48,21:14:30
PHYS,1960,Basics of Mathematics,06:00:09,18:01:44
SPAN,1961,Real World Applications,04:34:32,21:26:15
MAE,1962,Real World Applications,03:42:08,20:39:51
ITAL,1963,Real World Applications,07:45:01,18:12:25
HDEV,1964,Intro II (Non-Majors),00:07:56,19:24:03
CHEM,1965,Special Topic I,07:52:46,15:40:56
PHYS,1966,Real World Applications,11:42:44,19:55:48
JAPN,1967,General Studies,04:34:03,15:16:36
MAE,1968,Special Topic I,00:46:14,15:02:42
CNSL,1969,Advanced Topics,10:54:39,19:50:02
JAPN,1970,Special Topic II,11:06:28,12:07:11
HONR,1971,Research,08:48:07,22:06:43
HDEV,1972,Real World Applications,03:02:04,17:24:04
BIO,1973,Research,05:32:14,14:31:00
MUS,1974,Special Topic II,09:45:28,21:53:00
ECON,1975,Special Topic II,06:48:26,18:29:49
BIO,1976,Research,10:24:36,18:55:45
FREN,1977,Real World Applications,11:18:32,19:31:53
MAE,1978,Real World Applications,01:29:11,23:46:36
CHEM,1979,Intro II (Non-Majors),06:33:41,12:51:56
ENGL,1980,Intro II (Non-Majors),04:09:14,13:20:01
MAE,1981,Research,11:32:46,19:35:58
BIOC,1982,Intro II (Majors),10:57:16,19:45:27
CHEM,1983,Introduction,04:57:37,18:09:20
FREN,1984,Introduction,00:54:42,13:27:33
ENGL,1985,Special Topic II,10:40:36,14:52:05
MATH,1986,Introduction,07:30:42,16:31:19
DATS,1987,Introduction,09:35:47,19:14:40
DATS,1988,Real World Applications,11:18:43,23:44:58
SPAN,1989,Special Topic II,09:48:05,14:40:41
JAPN,1990,Advanced Topics,10:50:26,18:18:35
SPAN,1991,Special Topic II,01:53:23,16:24:55
CNSL,1992,Real World Applications,01:54:08,15:46:26
FREN,1993,Basics of Mathematics,02:51:04,23:58:58
MATH,1994,Research,06:44:48,13:18:51
PHYS,1995,Real World Applications,10:08:46,19:03:47
HONR,1996,Advanced Topics,05:14:36,17:29:59
DATS,1997,Special Topic I,04:27:47,14:45:01
HONR,1998,Special Topic I,05:21:48,12:28:18
FREN,1999,Real World Applications,00:59:06,23:51:13
MATH,2000,Introduction,04:15:52,18:18:49
